sech_kwd_cat_1,clac_nm1
즉석/가공식품,Cooked Foods
여성트랜드의류,Women's Clothing
음료/커피/간식,Snack Foods
스포츠패션/슈즈,Sport Fashion
신선식품,Chilled Foods
여성브랜드의류,Women's Clothing
홈데코/인테리어,Home Decor / Lighting
수입명품/해외배송,Fashion Accessories
주방,Kitchenware
패션잡화,Fashion Accessories
진/유니섹스,Fashion Accessories
패션슈즈,Fashion Accessories
유아동의류/잡화,Kids' Clothing
화장품/향수,Cosmetics / Beauty Care
세제/욕실/위생,Detergents / Hygiene Goods
헬스/자전거/수영/스키,Seasonal Sports
등산/캠핑/자동차,Outdoor / Leisure Activities
언더웨어,Underwear / Socks and Hosiery / Homewear
건강식품/홍삼,Health Foods
유아동도서/완구/교구,Toy
시계/보석/쥬얼리,Fashion Accessories
명품화장품,Cosmetics / Beauty Care
골프패션/클럽,Seasonal Sports
헤어/바디/미용기기,Health Care
주방/생활/이미용가전,Tableware / Cooking Utensils
남성캐주얼,Men's Clothing
반려동물,Gardening / Pets
침구/커튼/카페트,Bedding / Handicraft
TV/냉장고/세탁기/계절가...,Heating / Cooling Electronics
아동의류/잡화,Kids' Clothing
임신/출산/기저귀/분유,Birth Supplies / Baby Products
텐바이텐,
1300K,
식품,Meats
침실가구,Furniture
수납/청소/생활잡화,Cleaning / Laundry / Bathroom Accessories
문구/악기/도서/취미,Books / Records / Instruments
휴대폰/음향/차량용기기,Cell Phones / Accessories
학생/아동/주방수납,Kids' Clothing
남성정장/셔츠,Men's Clothing
거실가구,Furniture
상품권/이용권,Gift Certificates / Cards
건강/다이어트/실버,Health / Fitness Training
유아복/출산용품,Birth Supplies / Baby Products
유모차/카시트/가구/매트,Birth Supplies / Baby Products
렌탈/배달/케어,Living / Rental Services
e카탈로그,
생활/가전,Home / Kitchen Appliances
컴퓨터/주변기기/게임,Computers
다이어트식품,Health Foods
여행/숙박/항공권,Travel / Leisure Services
아웃도어/골프/레저,Outdoor / Leisure Activities
리모델링/시공가구,Home Decor / Lighting
카메라/캠코더/드론,Video / Audio System Electronics
친환경SHOP,
하이마트,
패션슈즈/악세서리,Fashion Accessories
여성정장/모피,Women's Clothing
여성캐주얼,Women's Clothing
영캐주얼,Kids' Clothing
유아동샵,Kids' Clothing
스포츠/아웃도어,Outdoor / Leisure Activities
진유니섹스,Fashion Accessories
패션의류/언더웨어,Fashion Accessories
하프클럽,
남성의류,Men's Clothing
TV쇼핑,
여성의류,Women's Clothing
디자이너슈즈,Fashion Accessories
장터_라운지,
키친갤러리,Kitchenware
